"elevation_WGS84_m","Jan","Feb","Mar","April","May","June","July","Aug","Sept","Oct","Nov","Dec"
127.45,0.16,0.0899999999999999,0.48,1.7,1.66,2.12,2.79,2.11,3.42,0.99,1.11,1.26
127.71,0.16,0.11,0.46,1.64,1.64,2.11,2.76,2.08,3.39,1.01,1.09,1.22
127.96,0.19,0.109999999999999,0.460000000000001,1.67,1.68,2.12,2.79,2.12,3.42,1.01,1.11,1.23
128.22,0.19,0.0899999999999999,0.47,1.74,1.73,2.15,2.84,2.2,3.5,1.01,1.16,1.29
128.47,0.16,0.0699999999999994,0.49,1.82,1.78,2.17,2.88,2.21,3.52,1.03,1.19,1.35
128.72,0.14,0.0700000000000003,0.49,1.76,1.68,2.09,2.74,2.06,3.35,1,1.16,1.3
128.98,0.12,0.0800000000000001,0.45,1.57,1.49,1.92,2.49,1.82,3.05,0.94,1.05,1.14
129.23,0.12,0.0899999999999999,0.390000000000001,1.33,1.26,1.75,2.26,1.57,2.79,0.880000000000001,0.890000000000001,0.96
129.49,0.13,0.0900000000000007,0.359999999999999,1.23,1.17,1.7,2.22,1.46,2.75,0.859999999999999,0.84,0.930000000000001
129.74,0.12,0.0800000000000001,0.4,1.42,1.29,1.8,2.41,1.53,2.97,0.93,0.949999999999999,1.03
129.99,0.13,0.0800000000000001,0.45,1.6,1.43,1.9,2.63,1.62,3.2,0.979999999999999,1.05,1.14
130.25,0.15,0.0899999999999999,0.449999999999999,1.66,1.51,1.98,2.73,1.65,3.32,0.98,1.09,1.17
130.5,0.149999999999999,0.100000000000001,0.45,1.68,1.53,1.99,2.74,1.67,3.34,1,1.11,1.2
130.76,0.14,0.0800000000000001,0.46,1.66,1.52,1.96,2.67,1.65,3.24,1,1.09,1.19
131.01,0.149999999999999,0.0800000000000001,0.43,1.48,1.42,1.84,2.45,1.59,2.99,0.940000000000001,0.999999999999999,1.1
131.27,0.14,0.0900000000000007,0.38,1.19,1.23,1.74,2.2,1.51,2.72,0.869999999999999,0.860000000000001,0.94
131.52,0.13,0.100000000000001,0.38,1.1,1.16,1.75,2.17,1.52,2.69,0.869999999999999,0.81,0.9
131.77,0.130000000000001,0.100000000000001,0.42,1.29,1.36,1.92,2.42,1.72,2.97,0.94,0.93,1.02
132.03,0.149999999999999,0.0800000000000001,0.48,1.62,1.61,2.14,2.71,1.93,3.32,1.01,1.1,1.19
132.28,0.16,0.0700000000000003,0.5,1.77,1.74,2.24,2.84,2.02,3.46,1.05,1.19,1.3
132.54,0.149999999999999,0.0700000000000003,0.5,1.77,1.76,2.22,2.85,2.03,3.47,1.03,1.19,1.31
132.79,0.16,0.0800000000000001,0.489999999999999,1.74,1.72,2.16,2.82,2.03,3.44,1.02,1.15,1.29
133.05,0.17,0.0899999999999999,0.49,1.71,1.69,2.15,2.79,2.02,3.42,1.03,1.13,1.26
133.3,0.17,0.0899999999999999,0.5,1.7,1.68,2.17,2.78,1.99,3.39,1.04,1.14,1.24
133.55,0.140000000000001,0.0800000000000001,0.49,1.68,1.68,2.17,2.78,1.99,3.38,1.05,1.13,1.25
133.81,0.14,0.0700000000000003,0.5,1.71,1.68,2.19,2.83,2,3.45,1.04,1.15,1.26
134.06,0.16,0.0899999999999999,0.5,1.78,1.72,2.22,2.92,2.07,3.57,1.04,1.18,1.29
134.32,0.17,0.0899999999999999,0.5,1.87,1.77,2.25,3.01,2.14,3.69,1.06,1.23,1.34
134.57,0.18,0.0899999999999999,0.51,1.97,1.83,2.29,3.1,2.21,3.81,1.09,1.27,1.38
134.82,0.17,0.0800000000000001,0.52,2.01,1.88,2.34,3.14,2.24,3.85,1.11,1.29,1.41
135.08,0.17,0.0700000000000003,0.54,2.02,1.91,2.36,3.15,2.25,3.87,1.11,1.3,1.42
135.33,0.15,0.0700000000000003,0.550000000000001,2.01,1.9,2.38,3.15,2.28,3.87,1.12,1.29,1.42
135.59,0.15,0.0699999999999994,0.55,2.03,1.9,2.38,3.16,2.3,3.88,1.15,1.3,1.45
135.84,0.15,0.0699999999999994,0.55,2.03,1.89,2.36,3.16,2.29,3.87,1.15,1.32,1.47
136.1,0.16,0.0700000000000003,0.550000000000001,2.01,1.87,2.31,3.09,2.24,3.77,1.12,1.31,1.45
136.35,0.149999999999999,0.0600000000000005,0.53,1.89,1.75,2.2,2.88,2.08,3.5,1.05,1.22,1.35
136.6,0.13,0.0800000000000001,0.46,1.61,1.49,1.96,2.47,1.76,3.01,0.970000000000001,1.06,1.16
136.86,0.12,0.0800000000000001,0.380000000000001,1.21,1.16,1.61,1.95,1.38,2.4,0.869999999999999,0.83,0.93
137.11,0.12,0.0899999999999999,0.31,0.87,0.85,1.28,1.5,1.05,1.85,0.77,0.6,0.75
137.37,0.12,0.0899999999999999,0.26,0.68,0.69,1.12,1.28,0.889999999999999,1.57,0.699999999999999,0.49,0.629999999999999
137.62,0.119999999999999,0.0899999999999999,0.26,0.69,0.710000000000001,1.18,1.35,0.93,1.64,0.709999999999999,0.5,0.65
137.88,0.13,0.0899999999999999,0.3,0.86,0.869999999999999,1.35,1.59,1.07,1.92,0.770000000000001,0.58,0.76
138.13,0.13,0.0899999999999999,0.34,1.01,1.02,1.47,1.75,1.16,2.1,0.800000000000001,0.680000000000001,0.84
138.38,0.12,0.0899999999999999,0.34,0.98,0.99,1.4,1.67,1.1,2,0.789999999999999,0.659999999999998,0.81
138.64,0.13,0.0800000000000001,0.29,0.81,0.819999999999999,1.24,1.45,0.949999999999999,1.75,0.720000000000001,0.549999999999999,0.69
138.89,0.13,0.0799999999999992,0.25,0.68,0.710000000000001,1.16,1.35,0.869999999999999,1.59,0.68,0.48,0.619999999999999
139.15,0.13,0.0899999999999999,0.26,0.67,0.69,1.14,1.33,0.84,1.55,0.67,0.49,0.609999999999999
139.4,0.13,0.11,0.27,0.69,0.690000000000001,1.12,1.32,0.85,1.55,0.68,0.49,0.619999999999999
139.65,0.13,0.0999999999999996,0.27,0.7,0.670000000000001,1.1,1.3,0.860000000000001,1.54,0.690000000000001,0.48,0.619999999999999
139.91,0.12,0.0800000000000001,0.27,0.69,0.680000000000001,1.12,1.29,0.890000000000001,1.57,0.69,0.48,0.629999999999999
140.16,0.12,0.0700000000000003,0.28,0.69,0.720000000000001,1.15,1.32,0.91,1.6,0.69,0.5,0.65
140.42,0.12,0.0899999999999999,0.27,0.72,0.75,1.2,1.41,0.950000000000001,1.66,0.699999999999999,0.52,0.65
140.67,0.0999999999999996,0.0899999999999999,0.29,0.76,0.800000000000001,1.32,1.52,1.01,1.81,0.720000000000001,0.56,0.700000000000001
140.93,0.12,0.0899999999999999,0.31,0.87,0.94,1.43,1.67,1.12,2.02,0.76,0.630000000000001,0.77
141.18,0.119999999999999,0.0899999999999999,0.33,0.989999999999999,1.05,1.51,1.82,1.22,2.19,0.800000000000001,0.700000000000001,0.829999999999998
141.43,0.12,0.0899999999999999,0.35,1.02,1.05,1.53,1.87,1.23,2.22,0.800000000000001,0.700000000000001,0.85
141.69,0.13,0.0599999999999996,0.33,1,1,1.47,1.79,1.16,2.12,0.799999999999999,0.66,0.83
141.94,0.12,0.0899999999999999,0.31,0.92,0.929999999999999,1.38,1.67,1.07,2.02,0.780000000000001,0.620000000000001,0.789999999999999
142.2,0.119999999999999,0.0899999999999999,0.289999999999999,0.83,0.87,1.31,1.59,0.99,1.92,0.75,0.57,0.729999999999999
142.45,0.12,0.0900000000000007,0.29,0.8,0.83,1.31,1.55,0.949999999999999,1.88,0.73,0.56,0.700000000000001
142.7,0.119999999999999,0.0899999999999999,0.3,0.82,0.85,1.36,1.61,0.99,1.94,0.75,0.57,0.709999999999999
142.96,0.12,0.0700000000000003,0.3,0.880000000000001,0.92,1.43,1.76,1.08,2.11,0.76,0.630000000000001,0.75
143.21,0.13,0.0899999999999999,0.31,1,1.02,1.54,1.93,1.19,2.31,0.789999999999999,0.69,0.809999999999999
143.47,0.14,0.0800000000000001,0.340000000000001,1.12,1.15,1.66,2.09,1.32,2.51,0.84,0.779999999999999,0.890000000000001
143.72,0.13,0.0800000000000001,0.35,1.22,1.24,1.75,2.21,1.44,2.67,0.859999999999999,0.850000000000001,0.949999999999999
143.98,0.13,0.0899999999999999,0.359999999999999,1.28,1.29,1.78,2.31,1.53,2.79,0.869999999999999,0.879999999999999,0.97
144.23,0.140000000000001,0.100000000000001,0.37,1.33,1.31,1.8,2.39,1.58,2.86,0.91,0.91,0.989999999999999
144.48,0.140000000000001,0.100000000000001,0.399999999999999,1.37,1.34,1.84,2.47,1.62,2.97,0.94,0.930000000000001,1.02
144.74,0.13,0.0899999999999999,0.42,1.45,1.4,1.89,2.58,1.68,3.1,0.950000000000001,0.95,1.07
144.99,0.13,0.0700000000000003,0.44,1.54,1.49,1.95,2.69,1.78,3.24,0.969999999999999,0.999999999999999,1.11
145.25,0.15,0.0800000000000001,0.46,1.6,1.57,2.02,2.79,1.87,3.37,1,1.06,1.17
145.5,0.14,0.0800000000000001,0.46,1.65,1.63,2.07,2.84,1.95,3.46,1.01,1.09,1.21
145.76,0.140000000000001,0.0899999999999999,0.44,1.68,1.65,2.09,2.84,2.01,3.44,1.02,1.1,1.22
146.01,0.16,0.100000000000001,0.45,1.68,1.66,2.07,2.79,2.02,3.39,1.02,1.09,1.2
146.26,0.149999999999999,0.109999999999999,0.45,1.68,1.67,2.07,2.79,2.03,3.41,1,1.09,1.19
146.52,0.12,0.0899999999999999,0.47,1.75,1.71,2.09,2.87,2.05,3.51,1,1.13,1.25
146.77,0.14,0.0799999999999992,0.48,1.83,1.73,2.15,2.97,2.05,3.61,1.03,1.15,1.31
147.03,0.14,0.0799999999999992,0.51,1.86,1.74,2.2,3.01,2,3.65,1.04,1.19,1.33
147.28,0.14,0.0800000000000001,0.51,1.82,1.7,2.13,2.94,1.89,3.52,1.03,1.18,1.28
147.53,0.14,0.100000000000001,0.470000000000001,1.63,1.53,1.89,2.66,1.68,3.18,0.969999999999999,1.06,1.17
147.79,0.13,0.100000000000001,0.390000000000001,1.31,1.24,1.62,2.2,1.36,2.63,0.860000000000001,0.870000000000001,0.970000000000001
148.04,0.13,0.0999999999999996,0.33,0.98,0.930000000000001,1.34,1.69,1.05,2.03,0.75,0.65,0.790000000000001
148.3,0.13,0.0899999999999999,0.27,0.720000000000001,0.68,1.1,1.28,0.800000000000001,1.53,0.680000000000001,0.48,0.66
148.55,0.13,0.0899999999999999,0.22,0.57,0.57,0.970000000000001,1.06,0.77,1.32,0.630000000000001,0.42,0.58
148.81,0.14,0.0800000000000001,0.2,0.52,0.56,0.92,1.02,0.76,1.24,0.620000000000001,0.389999999999999,0.539999999999999
149.06,0.13,0.0800000000000001,0.21,0.53,0.56,0.93,1.02,0.73,1.24,0.610000000000001,0.399999999999999,0.529999999999999
149.31,0.13,0.0800000000000001,0.23,0.58,0.58,1,1.09,0.73,1.32,0.639999999999999,0.42,0.56
149.57,0.13,0.0800000000000001,0.26,0.670000000000001,0.66,1.11,1.29,0.82,1.54,0.680000000000001,0.469999999999999,0.629999999999999
149.82,0.12,0.0799999999999992,0.279999999999999,0.84,0.84,1.31,1.55,0.98,1.86,0.75,0.610000000000001,0.73
150.08,0.130000000000001,0.0700000000000003,0.33,1,1.01,1.49,1.82,1.16,2.19,0.790000000000001,0.709999999999999,0.84
150.33,0.12,0.0800000000000001,0.35,1.09,1.12,1.57,1.99,1.24,2.39,0.799999999999999,0.75,0.899999999999999
150.58,0.13,0.0799999999999992,0.34,1.11,1.12,1.57,2.01,1.21,2.4,0.800000000000001,0.720000000000001,0.879999999999999
150.84,0.13,0.0800000000000001,0.32,1.04,1.03,1.49,1.92,1.14,2.3,0.789999999999999,0.68,0.82
151.09,0.11,0.0899999999999999,0.29,0.95,0.949999999999999,1.44,1.83,1.12,2.19,0.770000000000001,0.629999999999999,0.77
151.35,0.109999999999999,0.0800000000000001,0.28,0.92,0.949999999999999,1.47,1.85,1.15,2.22,0.76,0.630000000000001,0.739999999999998
151.6,0.12,0.0899999999999999,0.28,0.96,0.989999999999999,1.54,1.94,1.2,2.3,0.780000000000001,0.639999999999999,0.76
151.86,0.11,0.0899999999999999,0.31,1.02,1.08,1.61,2.06,1.28,2.44,0.83,0.690000000000001,0.83
152.11,0.130000000000001,0.11,0.35,1.14,1.21,1.72,2.25,1.41,2.7,0.880000000000001,0.779999999999999,0.9
152.36,0.11,0.11,0.37,1.32,1.37,1.86,2.5,1.59,3,0.92,0.890000000000001,0.98
152.62,0.12,0.0899999999999999,0.409999999999999,1.52,1.51,2.01,2.75,1.8,3.27,0.970000000000001,1.01,1.07
152.87,0.15,0.0700000000000003,0.45,1.66,1.68,2.15,2.93,2.02,3.5,1.02,1.1,1.17
153.13,0.15,0.0700000000000003,0.48,1.78,1.83,2.27,3.09,2.21,3.68,1.04,1.16,1.27
153.38,0.149999999999999,0.0899999999999999,0.5,1.88,1.93,2.36,3.2,2.31,3.81,1.05,1.2,1.36
153.64,0.149999999999999,0.0999999999999996,0.52,1.96,1.97,2.42,3.23,2.34,3.88,1.07,1.23,1.38
153.89,0.15,0.0900000000000007,0.52,1.99,1.96,2.43,3.22,2.34,3.88,1.08,1.26,1.37
154.14,0.14,0.0800000000000001,0.54,1.99,1.95,2.43,3.22,2.34,3.87,1.07,1.27,1.39
154.4,0.149999999999999,0.0699999999999994,0.53,2.01,1.97,2.47,3.25,2.36,3.91,1.08,1.27,1.42
154.65,0.15,0.0900000000000007,0.52,2.06,2.01,2.51,3.28,2.4,3.98,1.09,1.3,1.44
154.91,0.15,0.100000000000001,0.52,2.08,2.03,2.55,3.33,2.43,4.04,1.12,1.33,1.44
155.16,0.15,0.0799999999999992,0.52,2.09,2.05,2.56,3.35,2.41,4.06,1.11,1.34,1.45
155.41,0.15,0.0800000000000001,0.54,2.09,2.01,2.54,3.32,2.38,4.02,1.08,1.31,1.44
155.67,0.15,0.0999999999999996,0.55,2.08,1.98,2.52,3.31,2.37,4.01,1.08,1.3,1.45
155.92,0.149999999999999,0.12,0.54,2.08,1.97,2.51,3.31,2.38,4.01,1.09,1.31,1.45
156.18,0.15,0.100000000000001,0.54,2.1,1.99,2.53,3.31,2.41,4.03,1.11,1.33,1.45
156.43,0.16,0.0899999999999999,0.54,2.14,2.05,2.6,3.35,2.47,4.08,1.13,1.34,1.48
156.69,0.16,0.0999999999999996,0.56,2.15,2.09,2.66,3.43,2.49,4.14,1.12,1.34,1.5
156.94,0.16,0.0899999999999999,0.56,2.17,2.11,2.71,3.49,2.46,4.2,1.12,1.35,1.52
157.19,0.16,0.0699999999999994,0.56,2.2,2.1,2.71,3.52,2.4,4.21,1.13,1.35,1.52
157.45,0.16,0.0700000000000003,0.539999999999999,2.18,2.05,2.7,3.52,2.34,4.19,1.12,1.35,1.51
157.7,0.16,0.0800000000000001,0.55,2.16,2.04,2.71,3.52,2.32,4.22,1.1,1.36,1.52
157.96,0.17,0.0899999999999999,0.569999999999999,2.19,2.09,2.74,3.57,2.35,4.28,1.1,1.37,1.53
158.21,0.17,0.0800000000000001,0.58,2.27,2.16,2.79,3.62,2.44,4.35,1.12,1.41,1.57
158.47,0.17,0.0899999999999999,0.58,2.33,2.23,2.83,3.67,2.53,4.41,1.14,1.45,1.62
158.72,0.18,0.0899999999999999,0.6,2.37,2.3,2.92,3.71,2.61,4.5,1.16,1.47,1.66
158.97,0.180000000000001,0.0800000000000001,0.609999999999999,2.41,2.38,3,3.77,2.67,4.58,1.18,1.49,1.7
159.23,0.18,0.0800000000000001,0.61,2.43,2.41,3.04,3.78,2.71,4.59,1.2,1.5,1.7
159.48,0.16,0.0799999999999992,0.600000000000001,2.42,2.4,2.99,3.77,2.71,4.55,1.2,1.49,1.68
159.74,0.16,0.0700000000000003,0.57,2.36,2.38,2.95,3.71,2.69,4.46,1.18,1.48,1.65
159.99,0.16,0.0700000000000003,0.56,2.32,2.32,2.88,3.64,2.68,4.34,1.15,1.45,1.62
160.24,0.17,0.100000000000001,0.58,2.3,2.27,2.81,3.57,2.65,4.26,1.13,1.42,1.59
160.5,0.16,0.11,0.58,2.26,2.22,2.73,3.48,2.64,4.19,1.12,1.39,1.56
160.75,0.16,0.0999999999999996,0.590000000000001,2.23,2.2,2.67,3.44,2.62,4.12,1.13,1.39,1.54
161.01,0.159999999999999,0.0899999999999999,0.59,2.22,2.19,2.62,3.4,2.61,4.1,1.13,1.39,1.55
161.26,0.149999999999999,0.0999999999999996,0.59,2.22,2.21,2.64,3.41,2.63,4.14,1.13,1.39,1.54
161.52,0.17,0.0999999999999996,0.58,2.26,2.25,2.69,3.45,2.65,4.18,1.15,1.41,1.57
161.77,0.17,0.100000000000001,0.58,2.3,2.29,2.66,3.4,2.59,4.08,1.15,1.4,1.57
162.02,0.16,0.0899999999999999,0.56,2.17,2.14,2.4,3.13,2.35,3.73,1.1,1.3,1.46
162.28,0.15,0.0899999999999999,0.45,1.74,1.75,2.03,2.72,1.96,3.22,0.969999999999999,1.04,1.19
162.53,0.12,0.0800000000000001,0.350000000000001,1.2,1.3,1.74,2.32,1.55,2.73,0.83,0.76,0.9
162.79,0.119999999999999,0.0900000000000007,0.3,0.869999999999999,1.03,1.55,1.98,1.27,2.33,0.74,0.58,0.74
163.04,0.130000000000001,0.0999999999999996,0.29,0.76,0.910000000000001,1.44,1.78,1.13,2.12,0.729999999999999,0.51,0.690000000000001
163.29,0.13,0.0899999999999999,0.29,0.82,0.960000000000001,1.5,1.86,1.18,2.22,0.76,0.550000000000001,0.719999999999999
163.55,0.109999999999999,0.0999999999999996,0.31,1.07,1.19,1.66,2.17,1.42,2.61,0.809999999999999,0.690000000000001,0.82
163.8,0.12,0.0800000000000001,0.37,1.32,1.42,1.79,2.44,1.65,2.93,0.880000000000001,0.84,0.940000000000001
164.06,0.130000000000001,0.0899999999999999,0.38,1.39,1.48,1.84,2.48,1.69,2.95,0.91,0.91,0.999999999999999
164.31,0.13,0.0899999999999999,0.37,1.3,1.37,1.76,2.3,1.57,2.75,0.870000000000001,0.870000000000001,0.940000000000001
164.57,0.130000000000001,0.0800000000000001,0.350000000000001,1.19,1.24,1.66,2.1,1.43,2.52,0.83,0.800000000000001,0.869999999999999
164.82,0.13,0.0699999999999994,0.340000000000001,1.11,1.18,1.59,2.01,1.36,2.42,0.800000000000001,0.75,0.84
165.07,0.13,0.0899999999999999,0.329999999999999,1.06,1.17,1.6,2.05,1.37,2.45,0.799999999999999,0.710000000000001,0.809999999999999
165.33,0.12,0.0800000000000001,0.32,1.08,1.21,1.66,2.17,1.44,2.57,0.82,0.710000000000001,0.83
165.58,0.12,0.0899999999999999,0.32,1.14,1.28,1.7,2.24,1.47,2.65,0.83,0.74,0.870000000000001
165.84,0.12,0.0900000000000007,0.319999999999999,1.13,1.24,1.63,2.15,1.38,2.55,0.819999999999999,0.74,0.850000000000001
166.09,0.12,0.0899999999999999,0.300000000000001,0.98,1.08,1.49,1.89,1.18,2.22,0.789999999999999,0.67,0.779999999999999
166.35,0.109999999999999,0.0800000000000001,0.279999999999999,0.79,0.87,1.31,1.54,0.970000000000001,1.82,0.719999999999999,0.56,0.699999999999999
166.6,0.100000000000001,0.0899999999999999,0.25,0.63,0.7,1.15,1.3,0.84,1.53,0.67,0.49,0.609999999999999
166.85,0.13,0.0800000000000001,0.22,0.57,0.640000000000001,1.1,1.23,0.800000000000001,1.44,0.639999999999999,0.449999999999999,0.56
167.11,0.13,0.0800000000000001,0.21,0.59,0.68,1.15,1.29,0.85,1.52,0.65,0.43,0.57
167.36,0.14,0.0699999999999994,0.23,0.66,0.800000000000001,1.27,1.44,0.969999999999999,1.71,0.680000000000001,0.459999999999999,0.609999999999999
167.62,0.14,0.0800000000000001,0.25,0.74,0.909999999999999,1.39,1.61,1.07,1.9,0.74,0.52,0.67
167.87,0.140000000000001,0.100000000000001,0.28,0.8,0.970000000000001,1.45,1.71,1.12,2.03,0.760000000000002,0.549999999999999,0.700000000000001
168.12,0.13,0.100000000000001,0.279999999999999,0.81,1,1.43,1.71,1.12,2.05,0.75,0.550000000000001,0.710000000000001
168.38,0.12,0.100000000000001,0.25,0.78,0.96,1.35,1.62,1.06,1.93,0.720000000000001,0.510000000000002,0.680000000000001
168.63,0.13,0.0999999999999996,0.23,0.72,0.889999999999999,1.27,1.47,0.98,1.75,0.68,0.479999999999999,0.629999999999999
168.89,0.130000000000001,0.0999999999999996,0.22,0.67,0.8,1.19,1.35,0.890000000000001,1.59,0.67,0.449999999999999,0.569999999999999
169.14,0.12,0.0800000000000001,0.22,0.59,0.73,1.14,1.25,0.85,1.47,0.639999999999999,0.42,0.540000000000001
169.4,0.12,0.0800000000000001,0.23,0.55,0.69,1.09,1.17,0.83,1.39,0.630000000000001,0.43,0.550000000000001
169.65,0.12,0.0899999999999999,0.21,0.53,0.65,1.03,1.1,0.82,1.31,0.630000000000001,0.4,0.550000000000001
169.9,0.11,0.100000000000001,0.2,0.49,0.579999999999999,0.98,1.05,0.770000000000001,1.24,0.639999999999999,0.389999999999999,0.530000000000001
170.16,0.11,0.0899999999999999,0.19,0.45,0.56,0.92,0.989999999999998,0.720000000000001,1.17,0.619999999999999,0.359999999999999,0.49
170.41,0.12,0.0999999999999996,0.180000000000001,0.42,0.52,0.859999999999999,0.91,0.67,1.11,0.600000000000001,0.35,0.449999999999999
170.67,0.13,0.0899999999999999,0.17,0.42,0.51,0.85,0.889999999999999,0.65,1.1,0.59,0.359999999999999,0.450000000000001
170.92,0.100000000000001,0.0899999999999999,0.180000000000001,0.45,0.53,0.890000000000001,0.940000000000001,0.69,1.13,0.619999999999999,0.369999999999999,0.469999999999999
171.18,0.109999999999999,0.0899999999999999,0.19,0.48,0.569999999999999,0.91,1,0.719999999999999,1.18,0.629999999999999,0.390000000000001,0.5
171.43,0.0999999999999996,0.0800000000000001,0.19,0.48,0.579999999999999,0.940000000000001,1.02,0.719999999999999,1.21,0.620000000000001,0.41,0.49
171.68,0.12,0.0900000000000007,0.2,0.470000000000001,0.55,0.92,1,0.69,1.19,0.609999999999999,0.390000000000001,0.460000000000001
171.94,0.119999999999999,0.0800000000000001,0.2,0.45,0.53,0.9,0.959999999999999,0.65,1.17,0.6,0.370000000000001,0.449999999999999
172.19,0.119999999999999,0.100000000000001,0.2,0.46,0.52,0.9,0.94,0.67,1.17,0.6,0.359999999999999,0.470000000000001
172.45,0.13,0.0899999999999999,0.2,0.47,0.52,0.91,0.94,0.68,1.17,0.619999999999999,0.369999999999999,0.48
172.7,0.13,0.0899999999999999,0.18,0.47,0.54,0.91,0.960000000000001,0.68,1.19,0.619999999999999,0.389999999999999,0.470000000000001
172.95,0.130000000000001,0.0899999999999999,0.170000000000001,0.45,0.53,0.93,0.960000000000001,0.699999999999999,1.18,0.609999999999999,0.379999999999999,0.460000000000001
173.21,0.12,0.0899999999999999,0.170000000000001,0.47,0.56,0.970000000000001,1,0.73,1.23,0.59,0.369999999999999,0.470000000000001
173.46,0.109999999999999,0.0800000000000001,0.21,0.510000000000001,0.630000000000001,1.07,1.15,0.81,1.36,0.620000000000001,0.4,0.51
173.72,0.119999999999999,0.0800000000000001,0.239999999999999,0.61,0.77,1.23,1.37,0.970000000000001,1.63,0.67,0.460000000000001,0.569999999999999
173.97,0.12,0.100000000000001,0.25,0.760000000000001,0.95,1.42,1.62,1.17,1.95,0.710000000000001,0.51,0.649999999999999
174.23,0.11,0.0899999999999999,0.279999999999999,0.89,1.12,1.59,1.86,1.34,2.22,0.76,0.6,0.720000000000001
174.48,0.12,0.0799999999999992,0.31,1.02,1.25,1.69,2.08,1.46,2.44,0.84,0.68,0.800000000000001
174.73,0.12,0.0800000000000001,0.34,1.09,1.31,1.76,2.25,1.56,2.67,0.859999999999999,0.74,0.869999999999999
174.99,0.12,0.0800000000000001,0.32,1.06,1.32,1.86,2.41,1.65,2.88,0.83,0.709999999999999,0.859999999999999
175.24,0.12,0.0800000000000001,0.29,0.94,1.27,1.9,2.43,1.66,2.94,0.790000000000001,0.630000000000001,0.770000000000001
175.5,0.12,0.0900000000000007,0.27,0.84,1.14,1.76,2.2,1.48,2.68,0.73,0.549999999999999,0.69
175.75,0.11,0.0800000000000001,0.26,0.73,0.98,1.53,1.84,1.22,2.22,0.720000000000001,0.5,0.65
176,0.11,0.0800000000000001,0.24,0.62,0.84,1.35,1.52,1,1.81,0.700000000000001,0.459999999999999,0.6
176.26,0.13,0.0800000000000001,0.23,0.56,0.73,1.23,1.31,0.869999999999999,1.57,0.69,0.44,0.559999999999999
176.51,0.140000000000001,0.0800000000000001,0.23,0.529999999999999,0.670000000000001,1.14,1.21,0.83,1.43,0.67,0.43,0.540000000000001
176.77,0.13,0.0899999999999999,0.220000000000001,0.529999999999999,0.659999999999999,1.07,1.15,0.799999999999999,1.36,0.65,0.41,0.52
177.02,0.130000000000001,0.0899999999999999,0.21,0.52,0.659999999999999,1.05,1.12,0.779999999999999,1.33,0.630000000000001,0.41,0.51
177.28,0.12,0.0800000000000001,0.2,0.52,0.669999999999999,1.06,1.1,0.779999999999999,1.32,0.639999999999999,0.409999999999998,0.51
177.53,0.11,0.0800000000000001,0.2,0.53,0.659999999999999,1.05,1.1,0.77,1.33,0.649999999999999,0.4,0.51
177.78,0.11,0.0800000000000001,0.2,0.54,0.649999999999999,1.07,1.11,0.77,1.34,0.649999999999999,0.4,0.51
178.04,0.12,0.0699999999999994,0.199999999999999,0.539999999999999,0.66,1.11,1.18,0.799999999999999,1.39,0.640000000000001,0.41,0.51
178.29,0.12,0.0800000000000001,0.21,0.579999999999999,0.709999999999999,1.16,1.26,0.82,1.48,0.640000000000001,0.42,0.540000000000001
178.55,0.12,0.0800000000000001,0.23,0.619999999999999,0.77,1.22,1.34,0.91,1.6,0.65,0.449999999999999,0.57
178.8,0.12,0.0800000000000001,0.23,0.66,0.829999999999999,1.28,1.44,0.950000000000001,1.7,0.68,0.48,0.59
179.06,0.12,0.0899999999999999,0.24,0.72,0.9,1.35,1.53,1.01,1.8,0.700000000000001,0.5,0.619999999999999
179.31,0.12,0.0800000000000001,0.26,0.76,0.95,1.41,1.62,1.08,1.92,0.719999999999999,0.52,0.66
179.56,0.12,0.0800000000000001,0.27,0.81,0.999999999999999,1.45,1.7,1.13,2.03,0.74,0.550000000000001,0.67
179.82,0.13,0.0699999999999994,0.27,0.82,1.04,1.47,1.8,1.16,2.12,0.75,0.569999999999999,0.690000000000001
180.07,0.13,0.0700000000000003,0.27,0.85,1.08,1.49,1.87,1.19,2.21,0.75,0.58,0.720000000000001
180.33,0.13,0.0800000000000001,0.26,0.91,1.1,1.54,1.94,1.23,2.29,0.74,0.609999999999999,0.74
180.58,0.11,0.0800000000000001,0.26,0.94,1.15,1.61,2.04,1.29,2.38,0.76,0.630000000000001,0.75
180.83,0.13,0.0800000000000001,0.28,1.01,1.22,1.66,2.16,1.37,2.49,0.780000000000001,0.65,0.77
181.09,0.13,0.0800000000000001,0.31,1.04,1.28,1.7,2.26,1.43,2.65,0.809999999999999,0.68,0.790000000000001
181.34,0.14,0.0899999999999999,0.300000000000001,1.1,1.36,1.75,2.39,1.52,2.79,0.82,0.710000000000001,0.83
181.6,0.140000000000001,0.0700000000000003,0.31,1.2,1.44,1.82,2.54,1.65,2.99,0.85,0.76,0.880000000000001
181.85,0.14,0.0700000000000003,0.33,1.31,1.54,1.96,2.73,1.76,3.21,0.889999999999999,0.82,0.94
182.11,0.13,0.0900000000000007,0.359999999999999,1.42,1.68,2.19,2.91,1.9,3.43,0.930000000000001,0.890000000000001,1
182.36,0.13,0.0800000000000001,0.39,1.53,1.82,2.42,3.07,2.04,3.62,0.950000000000001,0.960000000000001,1.05
182.61,0.130000000000001,0.0899999999999999,0.41,1.65,1.94,2.61,3.24,2.16,3.79,0.98,1.02,1.12
182.87,0.149999999999999,0.0900000000000007,0.43,1.76,2.02,2.73,3.37,2.23,3.96,1.02,1.08,1.19
183.12,0.140000000000001,0.0899999999999999,0.47,1.83,2.07,2.79,3.45,2.26,4.07,1.03,1.13,1.25
183.38,0.140000000000001,0.0899999999999999,0.5,1.88,2.08,2.79,3.45,2.24,4.1,1.05,1.15,1.3
183.63,0.15,0.0899999999999999,0.510000000000001,1.91,2.08,2.76,3.42,2.23,4.06,1.05,1.17,1.32
183.89,0.15,0.0800000000000001,0.5,1.92,2.09,2.75,3.4,2.22,4.05,1.06,1.18,1.33
184.14,0.15,0.0899999999999999,0.51,1.94,2.13,2.81,3.44,2.23,4.08,1.07,1.2,1.36
184.39,0.16,0.0700000000000003,0.5,1.95,2.15,2.82,3.4,2.24,4.04,1.05,1.2,1.35
184.65,0.14,0.0700000000000003,0.45,1.82,2.05,2.59,3.13,2.08,3.73,1,1.12,1.25
184.9,0.130000000000001,0.0700000000000003,0.39,1.46,1.7,1.99,2.58,1.73,3.07,0.9,0.91,1.01
185.16,0.12,0.0899999999999999,0.29,0.95,1.19,1.47,1.9,1.27,2.25,0.75,0.65,0.770000000000001
185.41,0.12,0.0800000000000001,0.23,0.64,0.82,1.19,1.37,0.950000000000001,1.62,0.629999999999999,0.450000000000001,0.57
185.66,0.13,0.100000000000001,0.19,0.5,0.7,1.07,1.12,0.81,1.34,0.59,0.379999999999999,0.459999999999999
185.92,0.12,0.0900000000000007,0.19,0.49,0.670000000000001,1.04,1.08,0.819999999999999,1.31,0.6,0.370000000000001,0.440000000000001
186.17,0.119999999999999,0.0899999999999999,0.19,0.52,0.72,1.11,1.21,0.880000000000001,1.47,0.619999999999999,0.379999999999999,0.459999999999999
186.43,0.12,0.0899999999999999,0.220000000000001,0.63,0.87,1.29,1.52,1.09,1.83,0.640000000000001,0.440000000000001,0.530000000000001
186.68,0.11,0.0899999999999999,0.27,0.87,1.17,1.57,2.02,1.39,2.4,0.720000000000001,0.58,0.67
186.94,0.109999999999999,0.0899999999999999,0.319999999999999,1.18,1.5,1.84,2.44,1.64,2.91,0.82,0.74,0.84
187.19,0.11,0.0899999999999999,0.35,1.29,1.6,1.91,2.51,1.68,2.98,0.85,0.81,0.9
187.44,0.13,0.0899999999999999,0.31,1.11,1.4,1.67,2.27,1.49,2.69,0.789999999999999,0.709999999999999,0.800000000000001
187.7,0.13,0.0800000000000001,0.28,0.97,1.25,1.62,2.11,1.41,2.53,0.76,0.629999999999999,0.74
187.95,0.12,0.0799999999999992,0.28,1.04,1.38,1.79,2.29,1.59,2.74,0.799999999999999,0.680000000000001,0.779999999999999
188.21,0.12,0.0899999999999999,0.319999999999999,1.27,1.71,2.11,2.68,1.94,3.19,0.890000000000001,0.809999999999999,0.91
188.46,0.13,0.0999999999999996,0.350000000000001,1.48,2.04,2.49,2.99,2.22,3.54,0.93,0.899999999999999,1
188.71,0.13,0.0800000000000001,0.36,1.47,2.07,2.47,2.97,2.24,3.49,0.92,0.870000000000001,1
188.97,0.14,0.0899999999999999,0.33,1.23,1.76,2.09,2.56,1.93,3.03,0.859999999999999,0.75,0.890000000000001
189.22,0.13,0.0899999999999999,0.29,0.96,1.37,1.73,2.04,1.52,2.47,0.800000000000001,0.6,0.75
189.48,0.12,0.0899999999999999,0.26,0.75,1.1,1.49,1.69,1.22,2.05,0.74,0.49,0.65
189.73,0.12,0.0800000000000001,0.25,0.65,0.999999999999999,1.44,1.56,1.11,1.86,0.710000000000001,0.459999999999999,0.609999999999999
189.99,0.12,0.0799999999999992,0.24,0.66,1.01,1.47,1.56,1.11,1.87,0.720000000000001,0.48,0.619999999999999
190.24,0.13,0.0800000000000001,0.26,0.71,1.07,1.49,1.62,1.14,1.96,0.719999999999999,0.5,0.640000000000001
190.49,0.11,0.0800000000000001,0.260000000000001,0.73,1.11,1.51,1.67,1.19,2.04,0.75,0.5,0.65
190.75,0.109999999999999,0.0899999999999999,0.260000000000001,0.77,1.15,1.54,1.71,1.24,2.09,0.760000000000002,0.529999999999999,0.68
191,0.11,0.0899999999999999,0.29,0.81,1.18,1.58,1.73,1.25,2.09,0.77,0.559999999999999,0.720000000000001
191.26,0.12,0.0899999999999999,0.31,0.84,1.17,1.58,1.72,1.21,2.08,0.800000000000001,0.600000000000001,0.75
191.51,0.149999999999999,0.0800000000000001,0.31,0.87,1.13,1.52,1.69,1.15,2.03,0.799999999999999,0.630000000000001,0.75
191.77,0.16,0.0899999999999999,0.319999999999999,0.88,1.08,1.47,1.64,1.09,1.97,0.789999999999999,0.649999999999999,0.75
192.02,0.13,0.0899999999999999,0.33,0.93,1.08,1.47,1.62,1.1,1.96,0.81,0.699999999999999,0.779999999999999
192.27,0.12,0.0999999999999996,0.35,0.98,1.09,1.5,1.66,1.12,1.99,0.83,0.74,0.81
192.53,0.119999999999999,0.0899999999999999,0.36,1.03,1.11,1.52,1.7,1.14,2.05,0.859999999999999,0.809999999999999,0.859999999999999
192.78,0.12,0.0899999999999999,0.37,1.08,1.14,1.54,1.73,1.16,2.1,0.879999999999999,0.85,0.91
193.04,0.12,0.0800000000000001,0.37,1.15,1.13,1.54,1.77,1.14,2.13,0.889999999999999,0.890000000000001,0.93
193.29,0.11,0.0800000000000001,0.38,1.18,1.13,1.54,1.78,1.14,2.17,0.890000000000001,0.92,0.970000000000001
193.54,0.13,0.0700000000000003,0.390000000000001,1.22,1.11,1.53,1.78,1.13,2.19,0.91,0.93,1
193.8,0.13,0.0699999999999994,0.41,1.23,1.09,1.52,1.78,1.12,2.16,0.91,0.94,1
194.05,0.13,0.0899999999999999,0.4,1.22,1.07,1.5,1.76,1.1,2.12,0.91,0.959999999999999,0.970000000000001
194.31,0.13,0.0899999999999999,0.390000000000001,1.21,1.05,1.46,1.71,1.06,2.09,0.890000000000001,0.950000000000001,0.959999999999999
194.56,0.13,0.0800000000000001,0.38,1.19,1.01,1.43,1.67,1.04,2.03,0.880000000000001,0.950000000000001,0.969999999999999
194.82,0.12,0.0800000000000001,0.39,1.23,1.02,1.4,1.66,1.04,2.01,0.91,0.970000000000001,1.02
195.07,0.130000000000001,0.0800000000000001,0.42,1.34,1.13,1.46,1.74,1.11,2.13,0.950000000000001,1.03,1.09
195.32,0.119999999999999,0.100000000000001,0.45,1.4,1.27,1.61,1.93,1.26,2.35,0.959999999999999,1.02,1.12
195.58,0.12,0.100000000000001,0.42,1.35,1.37,1.8,2.15,1.44,2.61,0.93,0.899999999999999,1.02
195.83,0.100000000000001,0.0899999999999999,0.37,1.2,1.44,1.99,2.39,1.65,2.87,0.870000000000001,0.73,0.869999999999999
196.09,0.109999999999999,0.0899999999999999,0.319999999999999,1.03,1.51,2.12,2.57,1.8,3.07,0.799999999999999,0.629999999999999,0.76
196.34,0.12,0.0800000000000001,0.289999999999999,0.93,1.55,2.16,2.65,1.84,3.14,0.76,0.6,0.710000000000001
196.6,0.11,0.0800000000000001,0.31,0.97,1.52,2.08,2.54,1.74,3.04,0.800000000000001,0.700000000000001,0.76
196.85,0.119999999999999,0.0700000000000003,0.35,1.11,1.48,1.93,2.42,1.62,2.88,0.84,0.789999999999999,0.84
197.1,0.14,0.0700000000000003,0.37,1.18,1.54,1.91,2.43,1.62,2.87,0.879999999999999,0.82,0.91
197.36,0.13,0.0800000000000001,0.359999999999999,1.27,1.69,2.05,2.62,1.75,3.1,0.890000000000001,0.85,0.94
197.61,0.13,0.0999999999999996,0.37,1.42,1.92,2.3,2.92,2.01,3.49,0.91,0.94,1.01
197.87,0.14,0.0899999999999999,0.409999999999999,1.63,2.22,2.72,3.36,2.34,3.95,0.970000000000001,1.04,1.13
198.12,0.149999999999999,0.0800000000000001,0.46,1.85,2.58,3.28,3.81,2.64,4.44,1.07,1.11,1.27
198.37,0.16,0.0900000000000007,0.49,2.03,2.85,3.67,4.14,2.84,4.8,1.13,1.19,1.38
198.63,0.17,0.0899999999999999,0.5,2.08,2.96,3.81,4.26,2.94,4.97,1.15,1.23,1.41
198.88,0.17,0.0899999999999999,0.49,2.07,2.95,3.83,4.3,2.95,4.99,1.16,1.22,1.37
199.14,0.149999999999999,0.0899999999999999,0.48,2.04,2.93,3.84,4.32,2.95,4.99,1.16,1.2,1.37
199.39,0.16,0.0900000000000007,0.48,2.01,2.91,3.85,4.28,2.93,4.99,1.14,1.18,1.37
199.65,0.149999999999999,0.0899999999999999,0.47,1.99,2.88,3.83,4.26,2.92,4.98,1.13,1.16,1.35
199.9,0.13,0.0899999999999999,0.46,1.98,2.88,3.84,4.26,2.9,4.99,1.12,1.14,1.32
200.15,0.140000000000001,0.0899999999999999,0.45,1.96,2.93,3.86,4.27,2.92,4.99,1.13,1.13,1.31
200.41,0.15,0.0899999999999999,0.44,1.95,2.93,3.87,4.29,2.95,4.99,1.13,1.13,1.31
200.66,0.17,0.0900000000000007,0.44,1.97,2.94,3.91,4.3,2.95,5.02,1.12,1.12,1.32
200.92,0.15,0.0799999999999992,0.44,1.97,2.94,3.93,4.27,2.92,5,1.11,1.08,1.3
201.17,0.13,0.0899999999999999,0.430000000000001,1.89,2.84,3.81,4.13,2.81,4.83,1.1,1.02,1.23
201.42,0.119999999999999,0.0899999999999999,0.39,1.71,2.63,3.51,3.85,2.61,4.47,1.03,0.949999999999999,1.12
201.68,0.13,0.0899999999999999,0.34,1.48,2.31,2.99,3.41,2.32,3.97,0.94,0.84,0.99
201.93,0.11,0.0800000000000001,0.32,1.23,1.97,2.39,2.89,2.01,3.42,0.85,0.720000000000001,0.869999999999999
202.19,0.12,0.0899999999999999,0.3,1.01,1.69,1.91,2.44,1.7,2.91,0.77,0.609999999999999,0.76
202.44,0.109999999999999,0.0800000000000001,0.28,0.850000000000001,1.43,1.68,2.09,1.44,2.49,0.709999999999999,0.529999999999999,0.67
202.7,0.12,0.0800000000000001,0.26,0.76,1.25,1.53,1.84,1.25,2.19,0.69,0.49,0.619999999999999
202.95,0.109999999999999,0.0899999999999999,0.25,0.739999999999999,1.16,1.45,1.69,1.13,2.02,0.68,0.48,0.590000000000002
203.2,0.100000000000001,0.0899999999999999,0.25,0.74,1.09,1.39,1.59,1.06,1.88,0.69,0.5,0.6
203.46,0.11,0.0800000000000001,0.27,0.739999999999999,1.05,1.35,1.5,1.01,1.79,0.69,0.540000000000001,0.609999999999999
203.71,0.12,0.0899999999999999,0.29,0.779999999999999,1.01,1.3,1.47,0.970000000000001,1.74,0.68,0.58,0.640000000000001
203.97,0.12,0.0899999999999999,0.31,0.859999999999999,1.01,1.3,1.52,0.98,1.8,0.709999999999999,0.68,0.699999999999999
204.22,0.13,0.0899999999999999,0.350000000000001,1.01,1.04,1.34,1.59,1.03,1.92,0.770000000000001,0.790000000000001,0.82
204.48,0.13,0.0899999999999999,0.37,1.14,1.06,1.38,1.65,1.06,2.01,0.81,0.880000000000001,0.930000000000001
204.73,0.130000000000001,0.0899999999999999,0.380000000000001,1.14,1.06,1.37,1.66,1.07,2,0.81,0.890000000000001,0.930000000000001
204.98,0.17,0.109999999999999,0.35,1.07,1.07,1.33,1.62,1.08,1.98,0.76,0.85,0.850000000000001
205.24,0.18,0.12,0.340000000000001,1.04,1.12,1.36,1.63,1.16,2.06,0.74,0.800000000000001,0.81
205.49,0.19,0.14,0.37,1.11,1.26,1.49,1.76,1.28,2.25,0.76,0.83,0.850000000000001
205.75,0.17,0.13,0.37,1.16,1.39,1.59,1.92,1.37,2.39,0.790000000000001,0.869999999999999,0.880000000000001
206,0.14,0.11,0.350000000000001,1.15,1.39,1.59,1.95,1.38,2.37,0.779999999999999,0.859999999999999,0.870000000000001
206.25,0.13,0.11,0.33,1.07,1.34,1.51,1.86,1.31,2.23,0.73,0.790000000000001,0.81
206.51,0.14,0.109999999999999,0.300000000000001,0.970000000000001,1.26,1.4,1.69,1.2,2.04,0.67,0.73,0.74
206.76,0.170000000000001,0.12,0.26,0.83,1.09,1.21,1.45,1.06,1.8,0.590000000000002,0.66,0.639999999999999
207.02,0.220000000000001,0.140000000000001,0.23,0.7,0.87,0.989999999999998,1.21,0.9,1.56,0.540000000000001,0.6,0.58
207.27,0.23,0.16,0.23,0.649999999999999,0.73,0.84,1.04,0.779999999999999,1.39,0.51,0.540000000000001,0.520000000000001
207.53,0.26,0.180000000000001,0.27,0.69,0.680000000000001,0.82,1,0.76,1.37,0.5,0.550000000000001,0.5
207.78,0.300000000000001,0.2,0.34,0.82,0.760000000000001,0.92,1.15,0.82,1.54,0.57,0.68,0.600000000000001
208.03,0.31,0.199999999999999,0.38,1,0.899999999999999,1.05,1.37,0.93,1.79,0.65,0.789999999999999,0.73
208.29,0.28,0.19,0.41,1.13,1.04,1.19,1.58,1.06,1.99,0.720000000000001,0.879999999999999,0.83
208.54,0.27,0.17,0.41,1.18,1.13,1.29,1.7,1.16,2.1,0.76,0.91,0.880000000000001
208.8,0.25,0.15,0.39,1.14,1.17,1.32,1.74,1.24,2.15,0.75,0.860000000000001,0.859999999999999
209.05,0.24,0.130000000000001,0.359999999999999,1.08,1.2,1.33,1.75,1.25,2.18,0.719999999999999,0.800000000000001,0.799999999999999
209.31,0.22,0.14,0.350000000000001,1.04,1.22,1.34,1.78,1.25,2.21,0.709999999999999,0.77,0.789999999999999
209.56,0.21,0.130000000000001,0.34,1.03,1.25,1.37,1.79,1.27,2.25,0.709999999999999,0.76,0.790000000000001
209.81,0.23,0.149999999999999,0.34,1.04,1.29,1.44,1.84,1.32,2.34,0.720000000000001,0.770000000000001,0.799999999999999
210.07,0.210000000000001,0.14,0.35,1.05,1.39,1.57,1.95,1.44,2.49,0.74,0.789999999999999,0.82
210.32,0.2,0.13,0.35,1.09,1.54,1.72,2.1,1.58,2.67,0.779999999999999,0.790000000000001,0.85
210.58,0.19,0.119999999999999,0.350000000000001,1.13,1.67,1.84,2.23,1.72,2.84,0.800000000000001,0.779999999999999,0.869999999999999
210.83,0.18,0.12,0.35,1.15,1.73,1.93,2.32,1.77,2.94,0.800000000000001,0.77,0.880000000000001
211.08,0.18,0.12,0.35,1.16,1.79,1.99,2.36,1.82,3,0.800000000000001,0.790000000000001,0.879999999999999
211.34,0.2,0.130000000000001,0.35,1.2,1.84,2.04,2.4,1.88,3.05,0.82,0.779999999999999,0.869999999999999
211.59,0.21,0.13,0.36,1.22,1.91,2.1,2.46,1.93,3.13,0.84,0.77,0.859999999999999
211.85,0.22,0.16,0.35,1.21,1.95,2.15,2.52,1.97,3.23,0.83,0.77,0.870000000000001
212.1,0.21,0.149999999999999,0.350000000000001,1.22,2,2.21,2.63,2.04,3.36,0.85,0.779999999999999,0.889999999999999
212.36,0.2,0.14,0.36,1.29,2.1,2.35,2.76,2.12,3.52,0.870000000000001,0.800000000000001,0.92
212.61,0.2,0.12,0.350000000000001,1.31,2.17,2.46,2.87,2.18,3.62,0.889999999999999,0.81,0.92
212.86,0.17,0.12,0.34,1.31,2.18,2.53,2.94,2.2,3.68,0.9,0.799999999999999,0.93
213.12,0.17,0.12,0.35,1.35,2.23,2.6,3.04,2.24,3.76,0.92,0.83,0.960000000000001
213.37,0.17,0.109999999999999,0.35,1.38,2.28,2.63,3.1,2.27,3.81,0.92,0.85,0.969999999999999
213.63,0.159999999999999,0.100000000000001,0.350000000000001,1.37,2.26,2.6,3.09,2.27,3.83,0.91,0.85,0.959999999999999
213.88,0.17,0.0999999999999996,0.359999999999999,1.39,2.24,2.59,3.09,2.27,3.86,0.92,0.869999999999999,0.970000000000001
214.13,0.17,0.11,0.380000000000001,1.44,2.3,2.68,3.15,2.32,3.95,0.950000000000001,0.9,1.01
214.39,0.180000000000001,0.11,0.399999999999999,1.55,2.44,2.85,3.27,2.41,4.08,0.98,0.960000000000001,1.07
214.64,0.21,0.12,0.43,1.64,2.6,3.01,3.42,2.49,4.25,1.01,1.02,1.11
214.9,0.22,0.14,0.460000000000001,1.71,2.72,3.14,3.53,2.54,4.37,1.04,1.06,1.15
215.15,0.24,0.14,0.48,1.75,2.77,3.2,3.54,2.56,4.41,1.06,1.06,1.16
215.41,0.22,0.12,0.44,1.73,2.76,3.13,3.5,2.54,4.35,1.05,1.06,1.17
215.66,0.19,0.100000000000001,0.41,1.64,2.64,2.9,3.36,2.44,4.14,1.02,1.03,1.13
215.91,0.18,0.0800000000000001,0.42,1.5,2.45,2.68,3.15,2.28,3.88,0.98,0.99,1.06
216.17,0.17,0.0799999999999992,0.399999999999999,1.41,2.31,2.59,3.01,2.15,3.67,0.969999999999999,0.950000000000001,1.02
216.42,0.16,0.0800000000000001,0.38,1.37,2.27,2.53,2.92,2.09,3.57,0.960000000000001,0.92,1
216.68,0.159999999999999,0.0800000000000001,0.38,1.36,2.24,2.52,2.87,2.07,3.5,0.950000000000001,0.93,1.01
216.93,0.13,0.0800000000000001,0.39,1.32,2.2,2.48,2.81,2.04,3.43,0.93,0.92,0.98
217.19,0.130000000000001,0.0700000000000003,0.41,1.24,2.1,2.4,2.72,1.96,3.33,0.92,0.890000000000001,0.959999999999999
217.44,0.13,0.0800000000000001,0.41,1.24,2.05,2.34,2.67,1.9,3.26,0.92,0.880000000000001,0.959999999999999
217.69,0.13,0.0800000000000001,0.390000000000001,1.28,2.07,2.35,2.66,1.9,3.26,0.92,0.9,0.98
217.95,0.149999999999999,0.0800000000000001,0.4,1.34,2.12,2.36,2.65,1.9,3.25,0.930000000000001,0.94,1.02
218.2,0.14,0.0800000000000001,0.4,1.36,2.12,2.32,2.62,1.91,3.25,0.930000000000001,0.960000000000001,1.03
218.46,0.13,0.0800000000000001,0.399999999999999,1.35,2.11,2.31,2.62,1.93,3.27,0.930000000000001,0.960000000000001,1.02
218.71,0.15,0.0899999999999999,0.4,1.39,2.18,2.38,2.68,2.02,3.34,0.959999999999999,0.970000000000001,1.01
218.96,0.16,0.0999999999999996,0.4,1.47,2.33,2.49,2.78,2.08,3.44,0.969999999999999,0.969999999999999,1.02
219.22,0.15,0.0999999999999996,0.390000000000001,1.43,2.36,2.48,2.77,2.07,3.41,0.950000000000001,0.930000000000001,1.01
219.47,0.15,0.0899999999999999,0.36,1.29,2.15,2.36,2.61,1.97,3.22,0.91,0.870000000000001,0.950000000000001
219.73,0.13,0.0700000000000003,0.34,1.11,1.96,2.2,2.42,1.82,2.99,0.870000000000001,0.77,0.860000000000001
219.98,0.11,0.0800000000000001,0.3,0.91,1.77,2.07,2.3,1.68,2.8,0.83,0.629999999999999,0.76
220.24,0.130000000000001,0.0999999999999996,0.27,0.880000000000001,1.77,2.09,2.35,1.67,2.85,0.83,0.610000000000001,0.74
220.49,0.13,0.100000000000001,0.31,1.07,2.02,2.26,2.58,1.84,3.14,0.880000000000001,0.73,0.82
220.74,0.14,0.0999999999999996,0.36,1.33,2.31,2.46,2.8,2,3.43,0.93,0.850000000000001,0.93
221,0.149999999999999,0.11,0.37,1.42,2.45,2.54,2.85,2.03,3.51,0.950000000000001,0.880000000000001,0.979999999999999
221.25,0.13,0.100000000000001,0.350000000000001,1.3,2.31,2.47,2.69,1.94,3.34,0.91,0.82,0.92
221.51,0.11,0.0800000000000001,0.319999999999999,1.13,2.16,2.35,2.55,1.84,3.16,0.859999999999999,0.719999999999999,0.84
221.76,0.12,0.0800000000000001,0.33,1.1,2.13,2.35,2.55,1.84,3.17,0.870000000000001,0.66,0.799999999999999
222.01,0.13,0.0800000000000001,0.329999999999999,1.15,2.3,2.5,2.72,1.98,3.41,0.91,0.68,0.82
222.27,0.13,0.0899999999999999,0.340000000000001,1.28,2.55,2.79,3.02,2.18,3.77,0.950000000000001,0.76,0.870000000000001
222.52,0.12,0.100000000000001,0.359999999999999,1.41,2.78,3.1,3.27,2.32,4.05,0.98,0.83,0.949999999999999
222.78,0.14,0.0899999999999999,0.37,1.49,2.84,3.17,3.34,2.34,4.15,0.98,0.850000000000001,1
223.03,0.140000000000001,0.100000000000001,0.37,1.43,2.74,3.06,3.27,2.29,4.06,0.99,0.84,0.99
223.29,0.140000000000001,0.100000000000001,0.34,1.38,2.7,2.97,3.2,2.25,3.96,0.99,0.82,0.98
223.54,0.15,0.0899999999999999,0.34,1.36,2.69,2.88,3.13,2.21,3.84,0.979999999999999,0.800000000000001,0.959999999999999
223.79,0.14,0.0900000000000007,0.340000000000001,1.29,2.59,2.77,3.02,2.16,3.74,0.940000000000001,0.770000000000001,0.93
224.05,0.13,0.100000000000001,0.33,1.23,2.5,2.71,2.93,2.08,3.62,0.92,0.74,0.889999999999999
224.3,0.12,0.100000000000001,0.31,1.17,2.41,2.65,2.88,2.02,3.5,0.909999999999998,0.729999999999999,0.869999999999999
224.56,0.12,0.0999999999999996,0.319999999999999,1.16,2.35,2.6,2.83,1.95,3.4,0.889999999999999,0.74,0.880000000000001
224.81,0.11,0.0800000000000001,0.33,1.18,2.37,2.64,2.82,1.96,3.42,0.91,0.76,0.889999999999999
225.07,0.12,0.0899999999999999,0.34,1.23,2.49,2.73,2.89,2.05,3.54,0.92,0.77,0.9
225.32,0.12,0.0800000000000001,0.35,1.28,2.64,2.82,2.99,2.17,3.7,0.94,0.799999999999999,0.91
225.57,0.12,0.0899999999999999,0.36,1.32,2.73,2.87,3.02,2.21,3.76,0.949999999999999,0.82,0.93
225.83,0.12,0.0899999999999999,0.359999999999999,1.29,2.68,2.8,2.94,2.17,3.69,0.93,0.800000000000001,0.93
226.08,0.13,0.0999999999999996,0.33,1.2,2.5,2.68,2.81,2.07,3.56,0.92,0.770000000000001,0.879999999999999
226.34,0.15,0.109999999999999,0.32,1.18,2.43,2.65,2.82,2.05,3.57,0.92,0.75,0.870000000000001
226.59,0.159999999999999,0.12,0.350000000000001,1.28,2.56,2.84,3.02,2.17,3.81,0.959999999999999,0.800000000000001,0.92
226.84,0.16,0.109999999999999,0.39,1.5,2.87,3.29,3.37,2.38,4.2,1.03,0.899999999999999,1.02
227.1,0.17,0.11,0.42,1.65,3.17,3.67,3.67,2.57,4.54,1.07,0.99,1.12
227.35,0.18,0.100000000000001,0.42,1.68,3.26,3.78,3.75,2.64,4.64,1.05,0.98,1.12
227.61,0.180000000000001,0.11,0.41,1.67,3.23,3.73,3.74,2.62,4.61,1.05,0.97,1.11
227.86,0.18,0.12,0.430000000000001,1.68,3.2,3.65,3.72,2.58,4.58,1.04,0.97,1.11
228.12,0.17,0.13,0.43,1.7,3.18,3.64,3.71,2.57,4.59,1.06,1,1.1
228.37,0.17,0.100000000000001,0.41,1.71,3.19,3.68,3.76,2.59,4.65,1.06,0.999999999999999,1.12
228.62,0.19,0.0999999999999996,0.41,1.72,3.21,3.75,3.83,2.62,4.72,1.08,1.02,1.15
228.88,0.19,0.0999999999999996,0.43,1.76,3.24,3.77,3.85,2.62,4.71,1.07,1.04,1.18
229.13,0.19,0.11,0.44,1.78,3.24,3.71,3.78,2.58,4.61,1.07,1.08,1.2
229.39,0.18,0.12,0.45,1.79,3.2,3.65,3.71,2.51,4.52,1.07,1.11,1.22
229.64,0.19,0.0999999999999996,0.46,1.79,3.23,3.67,3.7,2.51,4.5,1.08,1.13,1.24
229.9,0.199999999999999,0.100000000000001,0.47,1.81,3.29,3.74,3.73,2.55,4.55,1.08,1.14,1.26
230.15,0.2,0.0999999999999996,0.47,1.86,3.32,3.79,3.75,2.59,4.59,1.08,1.14,1.25
230.4,0.2,0.0999999999999996,0.470000000000001,1.89,3.33,3.81,3.75,2.6,4.58,1.1,1.13,1.25
230.66,0.19,0.11,0.46,1.88,3.36,3.79,3.7,2.6,4.54,1.1,1.12,1.24
230.91,0.19,0.11,0.44,1.82,3.3,3.65,3.6,2.57,4.41,1.07,1.1,1.21
231.17,0.16,0.11,0.420000000000001,1.67,3.09,3.36,3.43,2.48,4.23,1.04,1.05,1.16
231.42,0.16,0.11,0.41,1.54,2.92,3.16,3.31,2.39,4.09,1.02,1.03,1.11
231.67,0.16,0.0899999999999999,0.409999999999999,1.49,2.88,3.1,3.27,2.37,4.07,1,1,1.07
231.93,0.17,0.0899999999999999,0.39,1.44,2.87,3.04,3.23,2.36,4.08,0.99,0.950000000000001,1.05
232.18,0.17,0.0899999999999999,0.38,1.41,2.88,3.04,3.24,2.37,4.1,0.969999999999999,0.91,1.03
232.44,0.18,0.0999999999999996,0.39,1.44,2.97,3.12,3.3,2.42,4.14,0.98,0.9,1.02
232.69,0.16,0.100000000000001,0.399999999999999,1.49,3.07,3.18,3.34,2.46,4.15,1,0.879999999999999,1.01
232.95,0.14,0.0800000000000001,0.39,1.45,3.03,3.11,3.25,2.38,4.01,0.99,0.82,0.979999999999999
233.2,0.13,0.0900000000000007,0.340000000000001,1.32,2.81,2.92,3.05,2.2,3.7,0.949999999999999,0.77,0.909999999999998
233.45,0.11,0.0800000000000001,0.319999999999999,1.13,2.46,2.65,2.72,1.95,3.28,0.890000000000001,0.699999999999999,0.82
233.71,0.109999999999999,0.0999999999999996,0.32,1,2.14,2.36,2.39,1.71,2.89,0.859999999999999,0.67,0.779999999999999
233.96,0.13,0.0999999999999996,0.33,0.95,1.92,2.13,2.17,1.54,2.6,0.83,0.66,0.77
234.22,0.14,0.0999999999999996,0.33,0.91,1.76,1.98,2.03,1.41,2.42,0.809999999999999,0.66,0.75
234.47,0.12,0.0999999999999996,0.319999999999999,0.89,1.66,1.91,1.95,1.34,2.33,0.809999999999999,0.67,0.720000000000001
234.72,0.119999999999999,0.11,0.319999999999999,0.91,1.63,1.88,1.91,1.28,2.28,0.82,0.69,0.74
234.98,0.12,0.11,0.319999999999999,0.949999999999999,1.62,1.83,1.87,1.24,2.25,0.84,0.73,0.770000000000001
235.23,0.13,0.0899999999999999,0.319999999999999,0.97,1.6,1.82,1.82,1.23,2.22,0.85,0.76,0.800000000000001
235.49,0.13,0.0900000000000007,0.32,0.96,1.58,1.8,1.77,1.18,2.16,0.83,0.76,0.790000000000001
235.74,0.13,0.0999999999999996,0.319999999999999,0.949999999999999,1.55,1.76,1.72,1.14,2.13,0.83,0.74,0.790000000000001
236,0.12,0.0899999999999999,0.33,0.96,1.54,1.75,1.71,1.13,2.15,0.84,0.76,0.81
236.25,0.12,0.0799999999999992,0.35,1.02,1.63,1.83,1.78,1.2,2.26,0.850000000000001,0.799999999999999,0.84
236.5,0.119999999999999,0.0999999999999996,0.359999999999999,1.07,1.78,1.95,1.93,1.29,2.42,0.859999999999999,0.82,0.84
236.76,0.12,0.0900000000000007,0.350000000000001,1.11,1.93,2.08,2.08,1.38,2.6,0.880000000000001,0.819999999999999,0.84
237.01,0.14,0.0899999999999999,0.36,1.13,2.04,2.2,2.21,1.48,2.79,0.879999999999999,0.82,0.869999999999999
237.27,0.140000000000001,0.0899999999999999,0.37,1.15,2.17,2.34,2.37,1.6,3.01,0.890000000000001,0.81,0.890000000000001
237.52,0.12,0.0800000000000001,0.35,1.21,2.36,2.51,2.56,1.74,3.25,0.92,0.800000000000001,0.9
237.78,0.15,0.0899999999999999,0.35,1.3,2.57,2.69,2.78,1.87,3.48,0.94,0.799999999999999,0.92
238.03,0.16,0.0999999999999996,0.36,1.34,2.73,2.84,2.97,1.97,3.66,0.950000000000001,0.81,0.93
238.28,0.14,0.0999999999999996,0.36,1.36,2.89,3.09,3.18,2.08,3.86,0.970000000000001,0.800000000000001,0.92
238.54,0.149999999999999,0.0999999999999996,0.36,1.42,3.16,3.49,3.46,2.24,4.15,1,0.780000000000001,0.93
238.79,0.16,0.0900000000000007,0.36,1.52,3.54,3.96,3.79,2.44,4.53,1.05,0.81,0.960000000000001
239.05,0.16,0.0800000000000001,0.37,1.58,3.81,4.25,3.98,2.58,4.81,1.07,0.84,1.02
239.3,0.15,0.0800000000000001,0.36,1.51,3.72,4.17,3.93,2.54,4.78,1.06,0.82,1.02
239.55,0.13,0.0899999999999999,0.350000000000001,1.38,3.4,3.83,3.7,2.39,4.51,1.04,0.75,0.949999999999999
239.81,0.13,0.0800000000000001,0.33,1.28,3.16,3.51,3.48,2.24,4.25,1.03,0.720000000000001,0.91
240.06,0.13,0.0899999999999999,0.33,1.22,3.03,3.28,3.31,2.12,4.06,1,0.690000000000001,0.9
240.32,0.11,0.0899999999999999,0.3,1.17,2.94,3.06,3.15,2.02,3.88,0.959999999999999,0.65,0.869999999999999
240.57,0.13,0.0899999999999999,0.3,1.11,2.79,2.91,2.97,1.9,3.66,0.93,0.640000000000001,0.83
240.83,0.14,0.0800000000000001,0.289999999999999,1.05,2.62,2.75,2.78,1.8,3.43,0.890000000000001,0.609999999999999,0.800000000000001
241.08,0.12,0.0999999999999996,0.27,1.01,2.55,2.67,2.67,1.72,3.31,0.860000000000001,0.6,0.76
241.33,0.11,0.0900000000000007,0.279999999999999,0.989999999999999,2.52,2.64,2.62,1.7,3.25,0.879999999999999,0.600000000000001,0.75
241.59,0.109999999999999,0.0899999999999999,0.29,1,2.53,2.65,2.62,1.7,3.24,0.890000000000001,0.59,0.76
241.84,0.109999999999999,0.0800000000000001,0.300000000000001,0.99,2.59,2.71,2.68,1.76,3.33,0.880000000000001,0.6,0.779999999999999
242.1,0.119999999999999,0.0899999999999999,0.31,1.02,2.72,2.83,2.8,1.84,3.5,0.91,0.629999999999999,0.789999999999999
242.35,0.12,0.0700000000000003,0.31,1.09,2.93,3.01,2.98,1.93,3.7,0.949999999999999,0.65,0.82
242.61,0.13,0.0800000000000001,0.3,1.19,3.18,3.2,3.16,2.05,3.91,0.960000000000001,0.66,0.84
242.86,0.15,0.0800000000000001,0.3,1.25,3.4,3.43,3.36,2.15,4.09,0.970000000000001,0.66,0.859999999999999
243.11,0.15,0.0800000000000001,0.31,1.34,3.59,3.78,3.64,2.29,4.34,1,0.67,0.880000000000001
243.37,0.13,0.0899999999999999,0.32,1.44,3.88,4.25,3.99,2.48,4.71,1.05,0.710000000000001,0.93
243.62,0.140000000000001,0.0999999999999996,0.34,1.54,4.15,4.66,4.27,2.63,5.06,1.09,0.770000000000001,0.989999999999998
243.88,0.140000000000001,0.100000000000001,0.37,1.63,4.38,4.89,4.43,2.72,5.27,1.12,0.82,1.04
244.13,0.15,0.0900000000000007,0.37,1.71,4.51,4.98,4.51,2.76,5.35,1.13,0.859999999999999,1.06
244.38,0.149999999999999,0.100000000000001,0.390000000000001,1.72,4.54,4.99,4.49,2.76,5.36,1.12,0.85,1.06
244.64,0.170000000000001,0.0899999999999999,0.39,1.67,4.55,4.97,4.46,2.78,5.34,1.12,0.84,1.07
244.89,0.16,0.100000000000001,0.38,1.63,4.56,4.89,4.42,2.81,5.31,1.14,0.859999999999999,1.11
245.15,0.149999999999999,0.0999999999999996,0.39,1.63,4.55,4.69,4.29,2.77,5.2,1.15,0.88,1.12
245.4,0.16,0.0800000000000001,0.41,1.67,4.53,4.5,4.13,2.72,5.05,1.12,0.910000000000001,1.1
245.66,0.149999999999999,0.0800000000000001,0.42,1.74,4.68,4.58,4.12,2.75,5.04,1.12,0.950000000000001,1.11
245.91,0.16,0.0900000000000007,0.449999999999999,1.87,4.95,4.81,4.22,2.79,5.13,1.15,1,1.16
246.16,0.16,0.0899999999999999,0.46,1.92,4.9,4.76,4.21,2.73,5.08,1.16,1.05,1.24
246.42,0.180000000000001,0.0899999999999999,0.449999999999999,1.86,4.49,4.35,3.95,2.55,4.79,1.13,1.07,1.25
246.67,0.149999999999999,0.0899999999999999,0.43,1.71,4.03,3.83,3.54,2.31,4.36,1.07,1.05,1.18
246.93,0.13,0.0899999999999999,0.42,1.54,3.57,3.41,3.12,2.05,3.88,1.03,0.99,1.1
247.18,0.13,0.0899999999999999,0.39,1.36,3.12,3,2.77,1.82,3.45,0.98,0.91,1.02
247.43,0.140000000000001,0.0800000000000001,0.36,1.15,2.74,2.72,2.53,1.67,3.12,0.92,0.83,0.91
247.69,0.140000000000001,0.0800000000000001,0.34,1,2.54,2.58,2.39,1.59,2.96,0.890000000000001,0.76,0.84
247.94,0.140000000000001,0.0800000000000001,0.32,0.98,2.57,2.62,2.42,1.63,3.02,0.9,0.73,0.83
248.2,0.13,0.0800000000000001,0.34,1.11,2.81,2.83,2.63,1.8,3.29,0.940000000000001,0.81,0.9
248.45,0.15,0.0800000000000001,0.39,1.39,3.22,3.17,2.97,2.03,3.7,1,0.949999999999999,1.04
248.71,0.16,0.0899999999999999,0.45,1.66,3.58,3.5,3.23,2.16,4.01,1.05,1.06,1.15
248.96,0.16,0.0899999999999999,0.45,1.69,3.58,3.58,3.28,2.15,4.07,1.06,1.08,1.18
249.21,0.16,0.0899999999999999,0.41,1.57,3.45,3.57,3.3,2.12,4.04,1.05,1.02,1.12
249.47,0.159999999999999,0.0800000000000001,0.399999999999999,1.57,3.64,3.92,3.54,2.26,4.21,1.06,0.98,1.09
249.72,0.149999999999999,0.0800000000000001,0.41,1.68,4.03,4.39,3.9,2.47,4.52,1.09,0.98,1.12
249.98,0.16,0.0800000000000001,0.41,1.71,4.25,4.55,4.03,2.55,4.67,1.11,0.94,1.13
250.23,0.159999999999999,0.0800000000000001,0.37,1.56,4.02,4.22,3.8,2.41,4.48,1.08,0.85,1.03
250.49,0.149999999999999,0.0800000000000001,0.34,1.36,3.65,3.83,3.55,2.26,4.28,1.05,0.76,0.890000000000001
250.74,0.14,0.0800000000000001,0.32,1.3,3.71,3.92,3.62,2.27,4.42,1.07,0.710000000000001,0.869999999999999
250.99,0.12,0.100000000000001,0.32,1.35,4.07,4.25,3.88,2.36,4.73,1.1,0.699999999999999,0.91
251.25,0.13,0.0800000000000001,0.3,1.28,4.1,4.13,3.84,2.35,4.71,1.09,0.680000000000001,0.91
251.5,0.13,0.0899999999999999,0.27,1.14,3.72,3.66,3.47,2.19,4.31,1.02,0.630000000000001,0.85
251.76,0.12,0.0999999999999996,0.26,1.02,3.34,3.25,3.04,1.99,3.84,0.959999999999999,0.609999999999999,0.779999999999999
252.01,0.12,0.0899999999999999,0.27,0.930000000000001,3.08,2.98,2.77,1.82,3.51,0.93,0.57,0.729999999999999
252.26,0.13,0.0899999999999999,0.26,0.859999999999999,2.9,2.82,2.64,1.7,3.35,0.92,0.56,0.69
252.52,0.130000000000001,0.0899999999999999,0.26,0.81,2.81,2.76,2.57,1.63,3.28,0.91,0.540000000000001,0.67
252.77,0.130000000000001,0.0899999999999999,0.25,0.77,2.76,2.73,2.53,1.6,3.25,0.890000000000001,0.529999999999999,0.65
253.03,0.11,0.0899999999999999,0.25,0.76,2.72,2.71,2.52,1.56,3.24,0.9,0.52,0.66
253.28,0.12,0.0899999999999999,0.25,0.76,2.75,2.72,2.5,1.52,3.23,0.91,0.510000000000002,0.66
253.54,0.13,0.0800000000000001,0.24,0.75,2.81,2.78,2.49,1.5,3.24,0.899999999999999,0.5,0.640000000000001
253.79,0.12,0.0800000000000001,0.24,0.79,3.01,3.02,2.65,1.57,3.43,0.9,0.52,0.640000000000001
254.04,0.12,0.0899999999999999,0.239999999999999,0.94,3.45,3.49,3.08,1.78,3.89,0.949999999999999,0.57,0.699999999999999
254.3,0.13,0.0900000000000007,0.28,1.14,3.93,4.02,3.54,2.06,4.42,1.02,0.619999999999999,0.790000000000001
254.55,0.130000000000001,0.0699999999999994,0.28,1.25,4.29,4.52,3.94,2.33,4.89,1.08,0.640000000000001,0.850000000000001
254.81,0.14,0.0899999999999999,0.31,1.33,4.72,4.95,4.28,2.59,5.3,1.14,0.68,0.91
255.06,0.140000000000001,0.0800000000000001,0.3,1.43,5.15,5.37,4.58,2.81,5.68,1.16,0.74,0.959999999999999
255.32,0.15,0.0800000000000001,0.31,1.49,5.43,5.68,4.82,2.93,5.95,1.18,0.76,0.98
255.57,0.149999999999999,0.0800000000000001,0.32,1.53,5.56,5.78,4.93,2.95,6.02,1.19,0.790000000000001,1
255.82,0.13,0.0700000000000003,0.33,1.53,5.47,5.57,4.77,2.88,5.82,1.19,0.790000000000001,1.01
256.08,0.130000000000001,0.0899999999999999,0.350000000000001,1.46,5.1,5.03,4.34,2.67,5.33,1.14,0.77,1.01
256.33,0.149999999999999,0.0899999999999999,0.34,1.42,4.67,4.38,3.82,2.4,4.78,1.06,0.760000000000002,0.98
256.59,0.14,0.0800000000000001,0.350000000000001,1.38,4.27,3.92,3.34,2.18,4.29,1.02,0.76,0.94
256.84,0.14,0.0699999999999994,0.350000000000001,1.36,3.96,3.6,3.01,1.97,3.89,1.01,0.800000000000001,0.950000000000001
257.09,0.14,0.0699999999999994,0.359999999999999,1.35,3.71,3.37,2.76,1.78,3.55,0.98,0.83,0.959999999999999
257.35,0.14,0.0600000000000005,0.359999999999999,1.24,3.31,3.08,2.51,1.56,3.18,0.940000000000001,0.82,0.91
257.6,0.140000000000001,0.0800000000000001,0.319999999999999,1.05,2.82,2.76,2.26,1.36,2.8,0.879999999999999,0.760000000000002,0.81
257.86,0.140000000000001,0.0800000000000001,0.300000000000001,0.94,2.5,2.5,2.04,1.24,2.56,0.890000000000001,0.699999999999999,0.75
258.11,0.12,0.0899999999999999,0.31,0.87,2.4,2.37,1.94,1.18,2.49,0.91,0.66,0.73
258.37,0.12,0.0700000000000003,0.31,0.83,2.38,2.31,1.91,1.17,2.47,0.889999999999999,0.630000000000001,0.719999999999999
258.62,0.11,0.0800000000000001,0.29,0.77,2.36,2.28,1.89,1.17,2.44,0.870000000000001,0.58,0.710000000000001
258.87,0.13,0.0699999999999994,0.26,0.72,2.34,2.28,1.87,1.15,2.41,0.840000000000002,0.529999999999999,0.67
259.13,0.13,0.0800000000000001,0.239999999999999,0.68,2.29,2.27,1.85,1.14,2.38,0.850000000000001,0.5,0.629999999999999
259.38,0.13,0.0699999999999994,0.24,0.64,2.3,2.31,1.9,1.12,2.44,0.84,0.51,0.6
259.64,0.140000000000001,0.0800000000000001,0.25,0.649999999999999,2.42,2.42,2.01,1.18,2.58,0.850000000000001,0.520000000000001,0.59
259.89,0.12,0.0699999999999994,0.25,0.699999999999999,2.64,2.61,2.18,1.25,2.79,0.880000000000001,0.530000000000001,0.630000000000001
260.14,0.119999999999999,0.0700000000000003,0.25,0.760000000000001,2.86,2.78,2.32,1.3,2.99,0.890000000000001,0.530000000000001,0.67
260.4,0.13,0.0800000000000001,0.27,0.79,2.98,2.87,2.36,1.32,3.08,0.9,0.539999999999999,0.690000000000001
260.65,0.12,0.0800000000000001,0.27,0.8,2.99,2.88,2.36,1.3,3.06,0.91,0.539999999999999,0.67
260.91,0.12,0.0700000000000003,0.26,0.819999999999999,3.04,2.92,2.38,1.26,3.06,0.91,0.539999999999999,0.659999999999998
261.16,0.13,0.0599999999999996,0.28,0.88,3.18,3.01,2.45,1.32,3.2,0.92,0.56,0.720000000000001
261.42,0.130000000000001,0.0700000000000003,0.29,0.949999999999999,3.41,3.18,2.6,1.4,3.4,0.93,0.58,0.77
261.67,0.13,0.0700000000000003,0.31,1.06,3.75,3.42,2.8,1.51,3.65,0.98,0.630000000000001,0.799999999999999
261.92,0.140000000000001,0.0899999999999999,0.340000000000001,1.18,3.98,3.61,2.95,1.62,3.86,0.99,0.699999999999999,0.860000000000001
262.18,0.149999999999999,0.0800000000000001,0.34,1.27,4.19,3.78,3.09,1.72,4.08,1,0.76,0.890000000000001
262.43,0.15,0.0899999999999999,0.350000000000001,1.4,4.53,4.01,3.3,1.84,4.37,1.03,0.800000000000001,0.94
262.69,0.17,0.0899999999999999,0.390000000000001,1.51,4.82,4.21,3.48,1.94,4.6,1.06,0.85,1.01
262.94,0.19,0.0800000000000001,0.4,1.58,4.99,4.38,3.6,2.03,4.78,1.07,0.92,1.07
263.2,0.17,0.0800000000000001,0.41,1.64,5.22,4.61,3.78,2.12,5.02,1.09,0.959999999999999,1.12
263.45,0.170000000000001,0.0699999999999994,0.42,1.71,5.68,4.91,3.98,2.21,5.29,1.14,0.960000000000001,1.16
263.7,0.15,0.0800000000000001,0.420000000000001,1.71,5.83,4.97,4.04,2.2,5.34,1.17,0.92,1.12
263.96,0.16,0.0800000000000001,0.390000000000001,1.55,5.46,4.76,3.92,2.07,5.18,1.14,0.869999999999999,1.05
264.21,0.16,0.0899999999999999,0.36,1.4,5.17,4.51,3.75,1.92,4.95,1.14,0.83,1
264.47,0.16,0.0800000000000001,0.33,1.27,4.87,4.18,3.5,1.74,4.63,1.13,0.76,0.950000000000001
264.72,0.130000000000001,0.0899999999999999,0.279999999999999,1.04,4.29,3.73,3.06,1.52,4.08,1.09,0.66,0.84
264.97,0.13,0.0800000000000001,0.24,0.84,3.52,3.17,2.49,1.27,3.39,1.02,0.559999999999999,0.709999999999999
265.23,0.13,0.0800000000000001,0.23,0.68,2.91,2.7,2.07,1.07,2.87,0.949999999999999,0.510000000000002,0.639999999999999
265.48,0.12,0.0699999999999994,0.23,0.640000000000001,2.68,2.55,1.97,1.02,2.74,0.909999999999998,0.52,0.619999999999999
265.74,0.13,0.0700000000000003,0.23,0.73,3.08,2.94,2.3,1.19,3.21,0.92,0.550000000000001,0.66
265.99,0.130000000000001,0.0699999999999994,0.25,0.97,4.21,3.81,3.08,1.54,4.15,1,0.610000000000001,0.75
266.25,0.16,0.0800000000000001,0.29,1.24,5.36,4.6,3.75,1.8,4.89,1.09,0.67,0.859999999999999
266.5,0.17,0.0600000000000005,0.32,1.31,5.38,4.51,3.6,1.71,4.76,1.1,0.699999999999999,0.899999999999999
266.75,0.149999999999999,0.0800000000000001,0.319999999999999,1.18,4.22,3.57,2.8,1.35,3.88,1.01,0.710000000000001,0.890000000000001
267.01,0.13,0.0800000000000001,0.319999999999999,1,3.02,2.75,2.05,1.04,3,0.94,0.729999999999999,0.85
267.26,0.130000000000001,0.0699999999999994,0.31,0.92,2.67,2.54,1.92,1.02,2.67,0.92,0.719999999999999,0.780000000000001
267.52,0.11,0.0699999999999994,0.29,0.850000000000001,2.95,2.75,2.09,1.08,2.81,0.92,0.630000000000001,0.73
267.77,0.11,0.0699999999999994,0.26,0.739999999999999,3.21,2.92,2.24,1.15,2.97,0.91,0.52,0.65
268.03,0.12,0.0699999999999994,0.23,0.67,3.21,2.88,2.23,1.16,2.93,0.91,0.48,0.610000000000001
268.28,0.0999999999999996,0.0700000000000003,0.25,0.71,3.08,2.73,2.06,1.11,2.8,0.930000000000001,0.51,0.639999999999999
268.53,0.11,0.0700000000000003,0.31,0.81,2.91,2.58,1.93,1.09,2.67,0.949999999999999,0.640000000000001,0.710000000000001
268.79,0.13,0.0600000000000005,0.35,0.92,2.95,2.63,1.96,1.09,2.71,0.959999999999999,0.74,0.780000000000001
269.04,0.13,0.0700000000000003,0.359999999999999,1.01,3.31,2.91,2.2,1.1,3.01,0.959999999999999,0.770000000000001,0.83
269.3,0.11,0.0700000000000003,0.34,1.04,3.73,3.22,2.43,1.06,3.3,0.949999999999999,0.720000000000001,0.82
269.55,0.12,0.0700000000000003,0.3,0.96,3.84,3.3,2.46,0.969999999999999,3.37,0.959999999999999,0.609999999999999,0.770000000000001
269.8,0.15,0.0800000000000001,0.26,0.77,3.6,3.18,2.38,0.899999999999999,3.23,0.950000000000001,0.530000000000001,0.67
270.06,0.17,0.0699999999999994,0.22,0.680000000000001,3.46,3.14,2.38,0.91,3.18,0.93,0.49,0.609999999999999
270.31,0.14,0.0800000000000001,0.21,0.74,3.78,3.43,2.61,1.03,3.51,0.949999999999999,0.51,0.640000000000001
270.57,0.12,0.0800000000000001,0.23,0.89,4.47,4.01,3.21,1.25,4.16,0.99,0.549999999999999,0.700000000000001
270.82,0.12,0.0800000000000001,0.25,1.07,5.23,4.68,3.88,1.51,4.88,1.05,0.619999999999999,0.779999999999999
271.08,0.13,0.0899999999999999,0.26,1.24,5.85,5.31,4.4,1.71,5.47,1.09,0.66,0.850000000000001
271.33,0.13,0.0800000000000001,0.3,1.35,6.28,5.83,4.78,1.88,5.94,1.12,0.68,0.91
271.58,0.14,0.0800000000000001,0.31,1.44,6.8,6.39,5.17,2.09,6.42,1.14,0.719999999999999,0.949999999999999
271.84,0.15,0.0899999999999999,0.33,1.57,7.44,6.99,5.6,2.32,6.95,1.17,0.75,1.02
272.09,0.149999999999999,0.0800000000000001,0.33,1.69,7.96,7.35,5.82,2.51,7.23,1.19,0.770000000000001,1.07
272.35,0.16,0.0899999999999999,0.350000000000001,1.69,8.06,7.28,5.7,2.53,7.07,1.18,0.779999999999999,1.07
272.6,0.140000000000001,0.0899999999999999,0.33,1.57,7.62,6.74,5.28,2.36,6.48,1.15,0.74,1.01
272.85,0.13,0.100000000000001,0.28,1.29,6.63,5.66,4.55,2.02,5.57,1.1,0.680000000000001,0.9
273.11,0.13,0.0899999999999999,0.24,0.970000000000001,5.37,4.6,3.65,1.57,4.66,1.01,0.569999999999999,0.74
273.36,0.14,0.0800000000000001,0.24,0.78,4.55,3.96,2.95,1.29,3.98,0.92,0.5,0.66
273.62,0.14,0.0699999999999994,0.25,0.83,4.57,3.8,2.6,1.14,3.67,0.909999999999998,0.52,0.68
273.87,0.13,0.0700000000000003,0.24,0.84,4.58,3.59,2.38,1.04,3.3,0.92,0.529999999999999,0.68
274.13,0.130000000000001,0.0700000000000003,0.24,0.890000000000001,4.81,3.66,2.44,1.02,3.09,0.92,0.549999999999999,0.709999999999999
274.38,0.14,0.0899999999999999,0.24,0.88,4.68,3.61,2.71,1.08,3.09,0.879999999999999,0.539999999999999,0.699999999999999
274.63,0.140000000000001,0.100000000000001,0.22,0.640000000000001,3.52,2.87,2.7,1.03,2.9,0.779999999999999,0.449999999999999,0.56
274.89,0.15,0.0999999999999996,0.2,0.41,2.54,2.16,2.41,0.890000000000001,2.56,0.699999999999999,0.389999999999999,0.469999999999999
275.14,0.139999999999999,0.0700000000000003,0.18,0.38,2.54,2.19,2.24,0.859999999999999,2.56,0.69,0.370000000000001,0.48
275.4,0.129999999999999,0.0800000000000001,0.17,0.6,3.54,2.93,2.54,1.04,3.12,0.76,0.42,0.57
275.65,0.12,0.0999999999999996,0.23,1.09,4.88,3.82,2.99,1.22,3.78,0.890000000000001,0.540000000000001,0.700000000000001
275.91,0.15,0.0899999999999999,0.319999999999999,1.35,5.06,4.02,3.08,1.22,4.06,0.94,0.690000000000001,0.85
276.16,0.15,0.0800000000000001,0.36,1.32,4.76,4.08,3.14,1.24,4.25,0.93,0.779999999999999,0.91
276.41,0.140000000000001,0.0800000000000001,0.36,1.4,5.3,4.59,3.47,1.36,4.63,0.950000000000001,0.780000000000001,0.92
276.67,0.13,0.0700000000000003,0.38,1.44,5.35,4.51,3.32,1.28,4.48,0.970000000000001,0.83,0.970000000000001
276.92,0.14,0.0700000000000003,0.37,1.26,4.12,3.42,2.44,0.989999999999998,3.49,0.9,0.84,0.94
277.18,0.140000000000001,0.0700000000000003,0.3,0.92,2.81,2.3,1.62,0.790000000000003,2.41,0.800000000000001,0.729999999999999,0.779999999999999
277.43,0.140000000000001,0.0700000000000003,0.260000000000001,0.7,2.16,1.78,1.29,0.640000000000001,1.85,0.74,0.620000000000001,0.66
277.68,0.14,0.0700000000000003,0.27,0.69,2.01,1.68,1.24,0.609999999999999,1.74,0.76,0.629999999999999,0.66
277.94,0.13,0.0800000000000001,0.32,0.75,2.03,1.76,1.29,0.66,1.79,0.800000000000001,0.690000000000001,0.720000000000001
278.19,0.130000000000001,0.0800000000000001,0.34,0.8,2.18,1.95,1.42,0.739999999999998,1.96,0.84,0.74,0.75
278.45,0.14,0.0800000000000001,0.350000000000001,0.88,2.68,2.44,1.71,0.850000000000001,2.51,0.92,0.779999999999999,0.82
278.7,0.149999999999999,0.0800000000000001,0.369999999999999,1.1,4.01,3.5,2.43,1,3.65,1.01,0.82,0.92
278.96,0.140000000000001,0.0800000000000001,0.37,1.4,6.34,5.11,3.65,1.4,5.14,1.18,0.850000000000001,1.03
279.21,0.15,0.0800000000000001,0.359999999999999,1.52,8.26,6.32,4.61,1.88,6.17,1.3,0.83,1.06
279.46,0.149999999999999,0.0899999999999999,0.32,1.27,8.27,6.42,4.73,1.95,6.25,1.3,0.77,1.02
279.72,0.15,0.0900000000000007,0.31,1.11,7.54,6.1,4.5,1.84,6.03,1.24,0.75,0.979999999999999
279.97,0.15,0.0800000000000001,0.32,1.09,7.4,6.17,4.6,1.89,6.2,1.27,0.779999999999999,1
280.23,0.149999999999999,0.0800000000000001,0.33,1.13,7.91,6.55,5.06,2.13,6.75,1.35,0.82,1.07
280.48,0.15,0.0899999999999999,0.34,1.17,8.31,6.56,5.22,2.24,6.96,1.4,0.85,1.12
280.74,0.15,0.0899999999999999,0.33,1.13,8.17,5.62,4.48,1.96,6.04,1.35,0.799999999999999,1.05
280.99,0.13,0.0699999999999994,0.29,0.92,7.17,4.07,3.09,1.35,4.16,1.19,0.640000000000001,0.82
281.24,0.12,0.0700000000000003,0.2,0.61,5.36,2.71,1.84,0.799999999999997,2.46,1.02,0.449999999999999,0.57
281.5,0.13,0.0699999999999994,0.159999999999999,0.41,3.58,1.79,1.12,0.510000000000002,1.55,0.889999999999999,0.32,0.369999999999999
281.75,0.13,0.0899999999999999,0.149999999999999,0.27,2.19,1.14,0.719999999999999,0.390000000000001,1.2,0.830000000000002,0.27,0.25
282.01,0.14,0.0800000000000001,0.15,0.27,1.4,0.850000000000001,0.530000000000001,0.380000000000003,1.06,0.849999999999998,0.26,0.23
282.26,0.13,0.0800000000000001,0.14,0.25,1.45,0.9,0.549999999999997,0.409999999999997,1.17,0.92,0.27,0.279999999999999
282.51,0.14,0.0899999999999999,0.17,0.35,2.29,1.2,0.800000000000001,0.440000000000001,1.44,1.02,0.33,0.389999999999999
282.77,0.13,0.0800000000000001,0.18,0.47,2.83,1.43,0.960000000000001,0.48,1.51,1,0.360000000000001,0.430000000000001
283.02,0.13,0.0999999999999996,0.14,0.34,1.86,1.03,0.699999999999999,0.430000000000003,1.14,0.82,0.26,0.27
283.28,0.14,0.1,0.1,0.2,0.81,0.639999999999997,0.400000000000002,0.370000000000001,0.809999999999999,0.68,0.23,0.119999999999999
283.53,0.15,0.0899999999999999,0.11,0.22,0.83,0.760000000000002,0.48,0.369999999999997,1,0.720000000000002,0.24,0.13
283.79,0.14,0.0900000000000003,0.17,0.289999999999999,1.83,1.53,0.970000000000002,0.469999999999999,1.76,0.859999999999999,0.279999999999999,0.239999999999999
284.04,0.12,0.0800000000000001,0.21,0.48,3.55,2.85,1.81,0.690000000000001,2.83,1.02,0.41,0.46
284.29,0.13,0.0699999999999994,0.24,0.75,5.41,3.97,2.64,0.960000000000001,3.7,1.18,0.550000000000001,0.68
284.55,0.14,0.0899999999999999,0.22,0.74,5.54,3.85,2.58,0.969999999999999,3.54,1.28,0.51,0.65
284.8,0.14,0.0999999999999996,0.17,0.399999999999999,3.39,2.4,1.58,0.68,2.26,1.22,0.33,0.38
285.06,0.13,0.0899999999999999,0.13,0.18,1.28,0.98,0.629999999999999,0.459999999999997,1.07,1.05,0.25,0.140000000000001
285.22,0.5,0.430000000000001,0.760000000000001,0.81,3.12,3.79,3.13,2.67,3.1,3.45,2.58,1.05
285.27,0.149999999999999,0.0800000000000001,0.0999999999999996,0.239999999999999,0.16,0.24,0.199999999999999,0.210000000000001,0.330000000000002,0.489999999999998,0.25,0.130000000000001
285.31,0.140000000000001,0.0899999999999999,0.1,0.180000000000001,0.33,0.359999999999999,0.210000000000001,0.349999999999998,0.400000000000002,0.850000000000001,0.26,0.119999999999999
285.34,0.16,0.0899999999999999,0.1,0.220000000000001,0.15,0.199999999999999,0.149999999999999,0.190000000000001,0.280000000000001,0.48,0.26,0.129999999999999
285.4,0.15,0.0999999999999996,0.1,0.21,0.13,0.19,0.150000000000002,0.199999999999999,0.260000000000002,0.469999999999999,0.27,0.140000000000001
285.46,0.140000000000001,0.0899999999999999,0.1,0.21,0.12,0.209999999999999,0.140000000000001,0.219999999999999,0.23,0.460000000000001,0.25,0.140000000000001
285.52,0.14,0.0899999999999999,0.1,0.19,0.11,0.220000000000001,0.129999999999999,0.219999999999999,0.199999999999999,0.460000000000001,0.24,0.140000000000001
285.56,0.14,0.0800000000000001,0.0999999999999996,0.18,0.140000000000001,0.279999999999999,0.16,0.27,0.289999999999999,0.699999999999999,0.26,0.109999999999999
285.58,0.13,0.0900000000000007,0.12,0.17,0.13,0.209999999999999,0.130000000000003,0.220000000000002,0.190000000000001,0.440000000000001,0.24,0.130000000000001
285.64,0.13,0.0899999999999999,0.1,0.18,0.13,0.18,0.139999999999997,0.209999999999997,0.190000000000001,0.460000000000001,0.25,0.119999999999999
285.71,0.149999999999999,0.0800000000000001,0.0899999999999999,0.21,0.16,0.220000000000001,0.169999999999998,0.200000000000003,0.289999999999999,0.510000000000002,0.24,0.109999999999999
285.77,0.149999999999999,0.0899999999999999,0.11,0.23,0.19,0.280000000000001,0.190000000000001,0.209999999999997,0.360000000000003,0.57,0.25,0.120000000000001
285.82,0.12,0.100000000000001,0.12,0.21,0.16,0.280000000000001,0.18,0.229999999999997,0.329999999999998,0.609999999999999,0.26,0.109999999999999
